{"Renewable_MWh_Per_Capita":{"ACT":0.1985768946,"NSW":1.6677204115,"NT":0.0537821629,"QLD":0.9205449893,"SA":1.6584162028,"TAS":12.9807558141,"VIC":1.19659549,"WA":1.1601315175},"Non_Renewable_MWh_Per_Capita":{"ACT":0.0,"NSW":6.5162206214,"NT":9.1948281421,"QLD":11.4753334763,"SA":2.7513943181,"TAS":0.0,"VIC":5.4246296335,"WA":7.6932420961}}