{"Median_Income":{"ACT":1203,"NSW":813,"NT":936,"QLD":787,"SA":734,"TAS":701,"VIC":803,"WA":848},"Renewable_MWh_Per_Capita":{"ACT":0.1985768946,"NSW":1.6677204115,"NT":0.0537821629,"QLD":0.9205449893,"SA":1.6584162028,"TAS":12.9807558141,"VIC":1.19659549,"WA":1.1601315175}}