{"Population_Total":{"ACT":454499,"NSW":8072163,"NT":232605,"QLD":5156138,"SA":1781516,"TAS":557571,"VIC":6503491,"WA":2660026},"Renewable_MWh_Per_Capita":{"ACT":0.1985768946,"NSW":1.6677204115,"NT":0.0537821629,"QLD":0.9205449893,"SA":1.6584162028,"TAS":12.9807558141,"VIC":1.19659549,"WA":1.1601315175}}